Country Name,Agricultural raw materials exports (% of merchandise exports),Exports of goods and services (% of GDP),Food exports (% of merchandise exports),Fuel exports (% of merchandise exports),GDP growth (annual %),High-technology exports (% of manufactured exports),Manufactures exports (% of merchandise exports),Merchandise exports to high-income economies (% of total merchandise exports),Merchandise exports to low- and middle-income economies in Europe & Central Asia (% of total merchandise exports),Ores and metals exports (% of merchandise exports),Taxes on exports (% of tax revenue),Transport services (% of commercial service exports)
Afghanistan,..,16.7751362822863,..,..,2.71088679128353,..,..,12.8798269363707,9.68241869729934,..,..,..
Africa Eastern and Southern,1.93287526195653,24.3483372544611,14.285851632509,25.4254224001233,2.32013780158925,5.80516538196113,29.1304853698777,44.3959450802976,0.471789673271105,23.4925994471713,..,22.9754549072797
Africa Western and Central,3.80482687815641,..,12.9874441377748,61.3705691120184,3.3547328190002,..,6.76897203140647,54.1428772898838,3.17153807284374,4.3390849886261,..,36.2200117483328
Albania,0.406032063201426,38.6650817896799,11.9640780632637,6.34538423879421,3.93662525742167,0.682326849473647,56.6139655531231,77.7081307571647,19.5159727248964,5.34944752843742,..,10.9287529629646
Algeria,..,23.6195363708424,..,..,4.10000000000004,..,..,80.1800299622258,6.36723723188521,..,..,25.4709095419937
American Samoa,..,..,..,..,..,..,..,73.1557182839582,0.7485445254755,..,..,..
Andorra,0.415383101399855,..,1.0898638304214,0.0101475994472374,2.58355480961319,21.4346319155008,94.9903929863838,..,..,1.77400635480091,..,1.65464266165053
Angola,0.0027480777886125,40.8567793904075,0.451668885477411,94.1710862801417,1.00128936028298,23.4714139423334,1.02737042810773,34.3574616999776,0.0309878743509611,4.34074978568308,..,30.6375045277801
Antigua and Barbuda,0,..,79.5397138175244,0,3.86201218730389,0,20.4603069224402,88.6247722258341,0.130578254598856,0,..,5.48300642645932
Arab World,0.148659583212434,49.2354966193058,3.63633501318352,46.6106399580818,1.02075134315025,5.52686482765502,16.2693607625557,54.5985951593753,2.77426042139993,4.16494032732618,..,..
Argentina,0.685733538526298,12.7492457826544,52.7267666905217,8.81364245499018,-1.61100162090189,5.44959440578319,18.949952599116,40.934692199854,1.07227775774405,0.39379723312782,..,12.4292640727332
Armenia,0.355694680218345,59.4520856749187,13.1574500307472,0.907565586250454,8.29999999959539,21.1051280159346,48.165424198542,86.1275075443156,4.72029050452744,14.9723565110048,..,15.9022004689825
Aruba,0.117845233410117,88.3437864283018,67.3173558784974,0.0602540892919389,4.26371941452948,6.86800836378335,21.8504308737179,43.9026772358812,..,6.76571849783155,..,3.687259048924
Australia,1.78724864922609,26.7992411333458,11.6335324538363,34.9834475509909,3.44199220009025,25.2582777120781,8.32905584836961,45.9348184548919,0.276059660945209,35.3042339341114,..,6.38361202793562
Austria,1.30562299873442,59.4645666223774,8.03478088149338,3.56336364584427,-0.954962366849259,15.9232697881169,79.3343046888064,90.2652665503552,2.74265333089625,3.02826727077609,..,23.6197630849599
Azerbaijan,0.397627602641352,49.0453678900537,2.83565108634186,91.499871108591,1.12397432709641,4.17224487630151,4.01678590967768,74.6112594357503,19.4031387462256,0.762659458805416,..,46.4154535471258
Bahamas,0.92548614959154,39.746138020016,42.0246555668094,0,2.63905598075102,0.0138247645369376,31.2776481960363,52.1187424479766,0.0104730478142115,25.7722064329118,10.2463198421346,1.75568544887071
Bahrain,0.125860714031502,87.5642025322593,8.33811493935556,0.252930709797225,2.9807927665851,0.387343644517371,28.6141521263462,74.8616739622056,3.20580714910734,62.3200686306776,..,11.9241702914683
Bangladesh,..,13.1571638341204,..,..,5.77511237007889,..,..,88.5305106220791,1.30571782481636,..,..,17.57900860965
Barbados,0.0481753960797321,..,46.0692175316982,8.61083535758761,4.09382010970572,18.4336134860133,37.2511214130486,69.3971495492766,0.0109381039128358,6.72142012750725,..,..
Belarus,..,66.8190187611956,..,..,3.88624214456901,..,..,81.9371298867663,7.95403088946896,..,5.85110316888989,..
Belgium,1.13670124865182,84.1639882975701,11.9094769544787,13.169192837343,1.25170063203595,18.6668227645892,69.0116862620052,88.7297284117303,1.89728255508128,3.67137717060197,..,22.4491267925759
Belize,0.949430052044227,55.292084712327,95.1691694031576,0.171509179098929,1.14901682065862,0,2.990940292009,75.315955154843,0.0120767586637501,0.717679251074328,..,3.76674837893826
Benin,58.1404591119706,21.1934539892603,37.3824789832326,0.00158718126210844,6.35282160914288,4.41801513975982,4.21278845294063,11.5480900788273,0.96308423729133,0.262688240888072,..,..
Bermuda,0.00231099494210711,52.9299777687707,19.1336201120999,0.00539830469000942,-0.0948235929642749,14.9372818212848,53.5999288123811,71.844210378395,0.199662784612564,0.0338841219569918,..,..
Bhutan,..,..,..,..,..,..,..,3.23349524024175,0.000649342333638171,..,..,15.0538668267797
Bolivia,0.79110162902739,25.5322398174316,23.8487849704852,19.7390284484517,3.08196524087036,8.16517022638076,3.0884740211568,34.788605467105,0.458535422425228,29.5215239053543,..,27.5214998367689
Bosnia and Herzegovina,4.13084727807037,44.055617147886,6.23155033228985,9.51399957988492,2.21112447211205,4.96705366555243,73.0947654137243,78.0550607065173,20.4411200546229,7.01678771456472,..,18.2749343200357
Botswana,0.0389509889048396,32.2751013777669,1.85190802071299,0.667839081647159,2.73379817032757,0.539469030954736,86.266781640311,64.4526803637648,..,10.746517291364,..,5.39258666694685
Brazil,4.1679968006038,18.1102794216442,42.0864551625389,16.2396336722963,2.90848048667777,9.849149349554,24.0930367154098,42.5611670556049,1.29894092037163,12.3830665434344,0.288929952138373,15.2102199915916
British Virgin Islands,..,..,..,..,..,..,..,..,..,..,..,..
Brunei Darussalam,0.00944233107905367,76.5348303286795,0.171146697847164,77.4198163214987,1.40706832327938,1.01925056768477,22.0131728523891,61.3359809466049,..,0.151145042609978,..,57.1327465836832
Bulgaria,0.724153243627335,61.8853159708659,17.431792921811,7.89104918636913,1.88681483907177,12.0578944173221,55.0232851207546,73.6125447952404,15.2529669816112,12.6457286634428,..,15.6285142282146
Burkina Faso,5.724577980467,28.8622955091639,8.53200243789895,0.0160865926865482,2.96018147384929,3.79784659837351,5.01672647211426,82.3705037149528,0.259910454800268,0.322414970435841,..,15.5174995540989
Burundi,..,5.26338520550318,..,..,2.70000059705133,..,..,48.9428357668217,..,..,..,13.5004066620482
Cabo Verde,0,38.3639967741243,87.536278816938,0,5.47543591649173,1.15215005835922,12.4636609253007,83.3935968874313,0.0022266215101893,5.83139625688506E-05,..,12.3287981498198
Cambodia,2.7501579747295,66.8926660552171,16.1927717352721,..,4.96006658918908,13.0335115656446,75.7973477967113,73.412322445785,..,1.7817775285321,..,11.3849928678809
Cameroon,..,16.6141431983781,..,..,3.24834497823876,..,..,51.6236836538192,1.30924785372755,..,..,31.9559940293625
Canada,2.86426757309958,33.3693043905205,13.5583195805688,27.2736533877602,1.24892730403391,15.1877422299604,44.1502069780142,90.6494512875188,0.283755901698785,7.31780917533371,..,10.9736153962153
Caribbean small states,1.54052123574477,..,26.2429710688862,22.878270416047,12.5576346497814,0.0106545314260703,12.0507432368015,86.0899475146093,0.0255152446634071,4.48519375743772,..,7.97444891627472
Cayman Islands,0.696344372403824,..,7.84611267458966,34.987450988698,4.35967595700366,47.701413334623,32.2524394236633,..,..,5.56449812338449,..,..
Central African Republic,11.6748806347761,14.4408262093734,1.35240099123738,0.00634066374558888,0.870251450842758,1.87856696826495,10.4311845548034,84.3483799890683,0.794747012826156,12.6689665953919,..,..
Central Europe and the Baltics,1.21432683257805,62.8842791517673,10.3107271387053,4.0677447167989,0.639830852654953,13.4115904922265,81.0598335279063,88.2912465064462,7.20617348728459,2.50322490788578,..,26.0778038807173
Chad,..,43.5044116555991,..,..,4.12231962001739,..,..,74.7046988518978,3.46143028419422,..,..,..
Channel Islands,..,..,..,..,3.71500566060664,..,..,..,..,..,..,..
Chile,4.83618753107765,31.1367365250198,22.1865500856767,1.80543071190217,0.218780666901552,10.7195633423709,18.0980076642038,42.891474537702,0.220247400219573,52.0026997226168,..,37.5062647347728
China,0.361516629965364,19.7430723247274,2.45628079906291,1.8075643209073,5.24955786387791,26.5682136542881,91.8821582914508,65.6824152432495,3.46257116200113,1.32245246342569,..,26.3316672048902
Colombia,4.51438004401259,17.8372967672269,15.7216530157287,50.7229439143258,0.610409565791542,8.59989159781141,20.4016513291052,64.6277323738099,1.80961393372741,1.77130475609424,..,17.7769936536654
Comoros,..,12.955861475022,..,..,2.99567457175966,..,..,46.6920079468135,..,..,..,6.67748698165174
Congo Dem. Rep.,0.254197238413813,44.2459902044245,0.631252576879563,0.000486337353062221,8.56086250904089,0.199611665225369,17.9481214846049,19.7639833451614,0.0105599244149163,76.344497695925,..,86.9506695691472
Congo Rep.,..,56.8959278033859,..,..,1.90686426346754,..,..,38.4527107023224,0.114382340642928,..,..,..
Costa Rica,1.23696114075763,38.9156320351491,32.790841827007,0.0548257166859753,5.11192183224598,24.177789153066,64.1694758157214,75.2695695659627,0.317336422921325,1.50937140629287,0.178606723930948,3.46776359157807
Cote d'Ivoire,12.6077414739267,24.5199592562693,44.2799487358773,15.7704493008516,6.199999999987,4.41310726011773,13.5857419088872,50.4378628155463,1.68584742537648,0.932912891480029,15.5789890120838,..
Croatia,3.62517574489447,52.9341592859634,15.9899527077402,11.9933049772166,3.30254488086325,11.0335908814715,63.8809161242129,75.5960908205602,21.4425292245925,4.01353681138671,..,6.97712445416444
Cuba,..,..,..,..,-1.92899211214875,..,..,66.6363327875227,1.38804316758602,..,..,..
Curacao,..,..,..,..,4.20199999999977,..,..,94.2876228777433,0.272712907872563,..,..,5.95477494433661
Cyprus,0.554087162582018,97.0188279262,21.2583318121876,49.0015864309511,2.61190090914745,18.5212981753698,22.6985619589666,51.6240729274681,0.775476941730393,4.00824643308378,..,19.048632267867
Czechia,0.971968527604669,68.9733370768244,5.28727634076273,1.91907988386955,-0.085330275927376,20.302723987427,90.0777465574419,92.5227149492133,3.69869113707069,1.35386813778064,..,21.9227666436873
Denmark,1.62860241290634,67.9596433833598,17.0918030416927,3.67298483816355,2.49518433148894,17.1962013476568,68.6651031929584,87.0741731392183,1.99818784655392,1.893657333463,..,52.5934924264259
Djibouti,0.188264059950052,169.105788685534,41.4702982972354,0.995238487819515,6.67664964361434,3.27550022198031,56.5669742965513,9.76044138758331,0.655014228281117,0.527328783503672,..,80.5581364218118
Dominica,0.0711951558440321,..,41.2177443026409,0.00752646170555339,4.71223818531963,2.88328233207454,57.7738867619111,24.1185684062644,0.909399383649933,0.929642781152361,..,1.10024133161899
Dominican Republic,0.475740235154142,21.1387561330729,23.1304958056263,0.30547693742132,2.36061568723294,6.03092939982151,63.0985430553192,81.4882035377561,0.114000882833329,2.69043160707394,..,7.78441211967223
Early-demographic dividend,1.02891670089169,26.1401517930517,13.4902662487258,9.92682330199063,4.31311202139636,12.5276961387012,54.5029818216274,66.1572572840931,2.52693588983043,7.22796885031059,..,16.4562827749146
East Asia & Pacific,0.792520250459698,30.1704541170478,4.37279555504718,5.6659277941894,4.10414562460986,33.1832842083818,81.7545091567466,58.1537093425549,2.08362058517804,3.43724952154594,..,23.3307024238207
East Asia & Pacific (IDA & IBRD countries),0.86365504824106,23.6647227716811,5.03368226752083,4.13981344961682,5.10738915793692,28.2290045971965,85.9426122352153,63.5107261434574,2.71510770466079,2.07804865451316,..,23.2853410043797
East Asia & Pacific (excluding high income),0.86365504824106,23.6667291528483,5.03368226752083,4.13981344961682,5.10744885870969,28.2290045971965,85.9426122352153,63.5080276235347,2.71504191496259,2.07804865451316,..,23.2854008637692
Ecuador,3.93218000246846,29.0653688196742,50.6682635226331,28.8613429479255,2.35521790742197,7.27423385399254,4.72537030726279,65.7277792685285,1.56110885641637,6.99936072862236,..,41.7844298805404
Egypt,1.22081506356326,19.1021039290635,20.0152496015352,17.5320066400433,3.75870055176806,3.17962429152873,52.1742942272788,56.800017224381,10.4375516723372,4.70893616222531,..,43.6681168350231
El Salvador,0.669720779257599,31.1262002574112,21.6148994457441,5.29654060272418,3.51097706608982,6.40401071272118,71.2708118556129,45.3007973762946,0.0156882266922493,1.12538630226481,..,13.2317752472415
Equatorial Guinea,..,36.6023261927194,..,..,-5.08930872071532,..,..,61.4100825784584,0.0127823935828078,..,..,..
Eritrea,..,..,..,..,..,..,..,11.8915464900741,0.0673027979236361,..,..,..
Estonia,6.59262398568298,77.8577030027173,11.6672788567089,8.40546041427357,-3.02303584066192,16.581160524959,66.0604895861787,91.4537138022117,4.86640060973541,2.14143873651271,..,21.8484687190969
Eswatini,6.16729407334149,..,29.6977974071694,3.59794524294311,5.01490471257054,0.285307158606886,59.8243153083819,8.98995498900451,0.00236606049639475,0.606121284662495,..,16.6028243652864
Ethiopia,9.67258056201782,6.59300267773163,80.3857509910765,0.0317976469871324,6.49813464238613,3.75062055802087,9.18928021346834,67.4628559934351,1.64705868586623,0.720590411591821,0.00250794084059178,78.7346854678835
Euro area,1.23985108446337,50.5371649667671,10.3251388528802,6.21566786214867,0.40141849759172,19.9886392941379,75.9997166307255,85.7736771741296,3.21414827256339,2.72592466486656,..,18.2323081465497
Europe & Central Asia,1.12781332653342,46.5899247021455,10.0641726089938,7.58227533941187,1.01614432883042,20.1431229001666,72.5388055184655,81.6169634013519,5.2691827374166,3.09086820496154,..,20.2246834896006
Europe & Central Asia (IDA & IBRD countries),..,35.0752026805679,..,..,3.64984350109363,10.044703108536,..,61.0543599065467,15.6791717067819,..,..,32.7889882496369
Europe & Central Asia (excluding high income),0.945784282800446,35.0406402145704,17.3735282675818,19.1919033197307,5.04254617779993,9.31607791433056,52.0136688156207,67.4136269341464,13.5556391998154,6.60925334785692,..,35.5853667112951
European Union,1.27340495438724,51.9326841247227,10.3942313962782,5.87281315704205,0.427838269445104,19.1519955600918,76.3934576170013,86.2479039443465,3.62869771386964,2.76697687422708,..,19.4487476109805
Faroe Islands,..,57.7188961490028,..,..,2.4890581166362,..,..,87.7908741262613,0.569532882675091,..,..,..
Fiji,5.71609592024298,..,68.5366169029673,0.0304205173711805,7.52429088237292,1.64679784443044,16.1942762813074,63.2772250856794,..,1.4262914079969,0.28752879088887,..
Finland,6.78824390461196,42.8153812381092,2.76291767202959,9.50214792822571,-1.16396281522198,9.71402259549133,65.9859640951766,84.7222331043597,2.89067602897458,7.19073331390488,..,13.8774501090702
Fragile and conflict affected situations,..,..,..,..,1.81242145006533,..,..,53.8377908552433,2.77895623839812,..,..,28.0726114887452
France,0.938826180279092,34.2800305804742,13.1246119527789,5.10155578255377,0.936487502671483,23.6797082010726,76.0275019179138,83.6764184334263,2.94321926117117,2.28082602244632,..,17.202346415317
French Polynesia,0.647659630400305,..,10.21432126211,..,..,0.90861411457913,68.2700862799203,87.1172744020597,..,0.0930273960029802,..,..
Gabon,3.85732777875465,63.728334784929,0.94233636066199,53.9865618745688,2.44588083119469,1.77313570365975,17.7881597321256,42.6089867479361,0.848877993912191,23.3145469906779,..,..
Gambia,1.77990876981106,9.60449609672499,75.2939759717388,0,4.79750895186164,2.3423098344067,4.58535685615897,0.154106554429826,96.9496696131836,18.3407584022912,..,17.1496777377023
Georgia,0.833153434151015,49.2670598176264,39.1629609880067,4.20262099586461,7.8322012152783,3.77878677691026,29.6289630735776,28.3294821963349,61.9884539127262,21.8542557637435,..,21.2254915905272
Germany,0.723593260941084,43.4023485563427,5.97473508995558,2.08200974170817,-0.266438410090913,17.8508979027451,84.387460244974,83.0690773124167,3.52416434155458,2.71829988000182,..,21.7893784751561
Ghana,1.11581950206246,34.0367592151643,18.0590476821292,24.5298166225955,2.94478583082221,2.11003762211445,5.99032023082928,56.5785845397684,1.96095273966836,3.79789972324939,..,4.99639561427516
Gibraltar,..,..,..,..,..,..,..,57.3775668222024,0.0222560229908962,..,..,..
Greece,1.25124221160542,43.7082588320458,20.2083204225338,32.3610109003756,2.3321238825698,15.1515337740903,36.2450264863196,75.4426809052277,11.5718688229482,7.74800044317647,..,42.8593759378362
Greenland,..,..,..,..,..,..,..,96.9556415463458,2.73818177716867,..,..,..
Grenada,0.215663441249807,..,61.7149744142774,0.00600336706493187,3.56612861773655,3.00776134164197,36.5636130507393,66.2284866830598,0.027252718539418,1.13207023013456,..,2.60966284676561
Guam,..,..,..,..,..,..,..,13.6008568486008,0.0324835681895116,..,..,..
Guatemala,2.74581200544463,16.5614935385372,48.6293419901711,1.91720908388626,3.52679214166824,5.77662450839393,45.7607270401093,51.1505241026752,0.137204793144865,0.880937617051219,1.6562346906019E-06,14.7040175159268
Guinea,..,41.5653232624964,..,..,6.74493444630886,..,..,18.9133618828579,0.744340291115312,..,..,1.49520196384736
Guinea-Bissau,..,13.8832772888755,..,..,5.19926829741253,..,..,67.3274260248369,0.611777798548119,..,..,..
Guyana,0.172924084768137,..,4.8996465364257,86.1240111243749,33.8026170921817,15.7138926801315,0.693559612384643,92.2731279218937,0.00466750012003651,1.13100523084098,..,0.663447239636232
Haiti,..,5.27068998656754,..,..,-1.86388420254838,..,..,91.0183411079713,0.0936305363872283,..,..,18.3647028119823
Heavily indebted poor countries (HIPC),4.39437727182745,21.5313421174169,30.591748912046,12.38195789482,3.98131584100545,2.79683598763078,15.1490184745024,47.7573990419196,2.31926478308168,18.9498587459765,..,25.2714831863814
High income,1.15326577333181,32.0790569227005,8.15678481411305,12.3396582899111,1.77998069266845,23.4359958998671,66.27095885084,71.7332629848799,3.21974944086617,3.97108914930608,..,18.9054277097818
Honduras,0.79496349652812,37.010574858456,56.8579087755183,0.0650199693590328,3.58260362632656,3.30891556062124,36.4265516528237,64.9568272363604,0.123351600462151,3.40869496897492,..,4.96563002396646
Hong Kong,0.0351721079037328,176.759868272113,1.54878966062733,0.134003723009074,3.27652625631858,72.3154885126867,88.7740683942936,29.3164126885705,0.669300577827127,2.15847705664223,..,30.8183094000526
Hungary,0.57596272258943,81.2041797233293,8.55197535031183,3.14157943932781,-0.907685956140242,17.8912645285025,86.1606542018045,89.31875890228,6.87279044041633,1.35306303135334,..,25.9492555566156
IBRD only,1.0642289284486,25.7198735545045,10.2610689978654,7.88511337084342,4.56802785241229,20.4301712913325,73.5666487550245,63.4582557791846,4.71201823633907,4.72397371774322,..,23.2239848587945
IDA & IBRD total,1.14952351061959,25.3764138140175,10.7322720326123,8.75198600392222,4.46455748390061,19.818610604657,71.6664488728689,63.0951627802695,4.63523637754102,4.90052373593118,..,23.4103269468948
IDA blend,1.85091147317582,..,13.510617380983,48.7889169958359,2.53025991509384,2.30163376875969,24.8622869595737,57.9277852808903,4.12853201732825,4.30755059242785,..,34.7991338941777
IDA only,..,21.5082003856012,..,..,3.74841700516441,3.95980280702943,..,54.9055059456651,2.60920167087325,..,..,21.4448869493462
IDA total,3.13685989138695,21.7881984702728,21.7111514625302,29.8252707648602,3.17237432437535,3.53643266531493,27.3924016776174,55.9156553313106,3.11701396941766,9.01408247834555,..,27.5632952937351
Iceland,0.497270498805328,43.6436703310559,44.6492767764763,2.4467295757755,5.03717943960838,43.4245422764011,15.3471259152328,95.2366705472672,0.726550990517182,36.3695667357812,..,29.9973833755951
India,0.822662153689855,21.8482115022381,11.013039162045,20.7059082080863,8.1529363109041,14.9343472986716,63.5470477424682,64.7649142409426,2.44514317746038,3.88575987351437,..,8.71703175892697
Indonesia,3.70578423750861,21.7465817671945,19.5934434193276,22.988404985231,5.04810577067288,9.08308687782522,44.7116211411318,42.6727948722188,0.721772711449441,8.66175888912423,..,12.9742361295351
Iran,..,24.2011132509509,..,..,5.04489051061807,..,..,19.0927488662321,29.2593064202706,..,..,..
Iraq,..,..,..,..,-2.93555773971221,..,..,39.2455457218571,2.09173167158746,..,..,9.5959715921237
Ireland,0.29113734355515,135.058214305059,8.46499244255303,0.484641350208567,-5.53000736095537,47.7737732849219,89.8402124502831,90.2258834554093,0.618262310097218,0.585779533272327,..,2.64848154560033
Isle of Man,..,..,..,..,..,..,..,..,..,..,..,..
Israel,0.578180391155289,30.6040435938361,3.93286626532617,..,2.42300691049012,34.8438695921586,86.9864570116113,79.4830426209103,3.52660044038112,1.40321326107613,..,7.20328237195233
Italy,0.647951739517679,33.7297334484836,10.112164845389,3.62874175899833,0.69763299419678,9.9836968942283,79.7681861778626,83.9518729896414,4.13984638770869,2.3671450406078,..,10.1601126575989
Jamaica,0.140788580810614,..,30.3866398719161,28.7976547528445,2.20006147154612,2.64698979146794,3.03502779080189,92.3092097208604,0.439008520797947,37.604098048612,..,5.79961544714797
Japan,0.544697659577189,21.8105445779804,1.16659144062924,1.77262134601493,1.67901952310368,17.1028060703212,83.5591659557853,61.7069358303053,0.883851879857144,3.36894550677221,..,14.7381349086427
Jordan,0.343928093112301,43.5298318874029,13.4446162280279,0.498739629336105,2.67827153754409,2.08415985427159,73.1817988565208,56.7843325908685,1.18019306741353,9.38432509607852,..,17.700106094542
Kazakhstan,0.228557028680944,34.4043098837574,6.69012026327187,58.9305033328289,5.09999999973641,34.4293373196596,18.9820133695905,64.6182832758983,13.2057249931907,14.6008672804896,15.0327721405045,48.7961915338981
Kenya,12.5710697931939,11.6861054407608,48.9805623380495,1.8648287478394,5.55587301319866,3.04169416728318,30.7389570885549,39.6072593605924,1.42928387412424,5.32428005533122,..,41.7241500644317
Kiribati,..,7.36810244749678,..,..,4.12459054312031,..,..,79.6811546354422,..,..,..,40.1832326993612
Korea Dem. People's Rep.,..,..,..,..,..,..,..,2.8110004127284,0.372175754876899,..,..,..
Korea Rep.,0.775240651903328,43.9956698686696,1.65026435041617,8.57571967347061,1.35673324311098,30.0669349728022,86.053720745247,53.4744793110435,2.53718925995446,2.69594021915913,..,27.5941042318578
Kosovo,..,39.6404797611422,..,..,4.06762701436438,..,..,55.7165867938379,42.8978001449628,..,..,4.29148779674465
Kuwait,0.0241165093423466,..,0.468798721756272,95.5164387666676,-3.64042590261035,1.78499675433497,3.71919944853875,48.5201337792794,0.905300236461925,0.137319649328836,..,14.5016332065655
Kyrgyz Republic,1.46210743138283,39.1622646226036,10.8914896241453,6.04846188003439,6.15139183716032,18.5729291851162,31.7750541838096,67.4503967505789,28.3122343341074,10.2868672101492,0.00871812912008076,..
Lao PDR,..,..,..,..,3.74568140158232,..,..,13.3093799871689,0.0523394755495078,..,..,11.8592849338186
Late-demographic dividend,0.938398199793705,30.1717039683319,7.38210504254901,13.4353685780452,4.1494212730548,25.0051811285491,72.0559601610601,62.8835343477882,4.98313947564187,3.31459093922154,..,25.6109083118856
Latin America & Caribbean,1.88541766483696,25.2394255455807,24.2845232902715,10.4386122559932,2.08842613019844,12.2634962923034,46.8872409365177,68.0314430790821,0.608089961273322,10.9855971416936,..,18.3931247019991
Latin America & Caribbean (excluding high income),1.5722795264759,24.0584879152752,24.3613994124667,10.9940133657559,2.07213292803164,12.7648871224036,49.974668818465,70.0912407787054,0.619065195550248,7.03130380585807,..,16.2580660089016
Latin America & the Caribbean (IDA & IBRD countries),1.88674619234685,25.1004046713176,24.2588712712287,10.4469274719155,2.17205461841291,12.3181446399865,46.9070883284284,68.0429545214107,0.608194460505334,10.9788392308652,..,18.4167599685863
Latvia,9.7771245101759,66.9707758270699,22.0061340060179,7.17803586656927,1.70679524969924,18.3733834188523,56.2742880316213,85.9078754038216,9.01498827666904,1.78124658434941,..,31.8869893585219
Least developed countries: UN classification,..,20.9535406613859,..,..,3.43106103848459,..,..,49.6768843990031,1.78621944585703,..,..,26.5572431264373
Lebanon,0.509306920497827,..,16.4425663042855,9.88237160097366,..,4.30236078360336,55.9944629138705,55.1180556339843,10.0280042550223,8.60379953605471,..,3.5583303376203
Lesotho,6.55658869273009,42.9229805805595,13.9943146225283,0.0242983712046877,1.82662525852363,0.0742607412455623,79.2264582944253,58.6952303704157,4.12457931575161E-05,0.178601333491684,..,3.02710090710102
Liberia,63.7030677905837,..,24.4632706892066,1.8414552089698,4.68375688761311,0.643718596498284,9.90032430882369,75.9702912686723,0.299470617788938,0.060568928284225,..,..
Libya,..,85.1137376753101,..,..,10.1558181770326,..,..,85.5724108299348,2.08351455230453,..,..,..
Liechtenstein,..,..,..,..,..,..,..,..,..,..,..,..
Lithuania,2.54713586329661,76.4728581033646,18.5593608988671,14.3006675662309,0.34226255222913,14.4028959953361,60.9192330008142,81.8316700788876,13.5670911524432,1.79129603184735,..,47.5689662090121
Low & middle income,1.09045661737835,24.4004556983387,10.2321165655918,9.09541481186593,4.61145900782721,20.861702015327,72.4603164537569,64.0338852783916,3.13184412267129,4.18027327977184,..,22.0519418225801
Low income,..,17.2840999925831,..,..,2.23905392962553,1.72804518665286,..,43.5974000046199,4.21526120445833,..,..,..
Lower middle income,1.46573109639653,27.3053301957834,13.949200880595,24.5601513899241,5.54638861437577,15.8677949812174,51.4336351693337,63.3364562303524,2.12688183829997,5.52875583450736,..,16.9956136769556
Luxembourg,0.750384660270031,212.530618289922,10.9041397397378,0.13805948803186,-1.09572361576994,6.05174975821516,81.394812166377,91.3696550577611,2.52653654017624,4.36681581385287,..,13.2589363900495
Macao,0.187523162403455,91.3583589654724,28.7183191994156,0,75.0613769262435,0,51.2319578786919,93.7753466562807,3.41962181504581E-05,19.8622104081638,..,1.44467174433249
Madagascar,1.21262317849784,26.8675598855334,27.5461585814086,2.33410330754239,3.80000000009488,0.478060054077076,25.7411957994664,74.4685203679722,0.367707206713516,39.3062064198727,..,..
Malawi,1.13193249378244,..,89.2004067002169,0.000145544242795096,1.89245798756383,5.31056594105904,8.46634341217824,46.107559259593,2.47423670263633,1.20089218272746,..,16.3953440503299
Malaysia,1.17817215757273,68.5819009768029,9.54179049585687,16.512163379367,3.55548715410509,59.4155074421789,68.3939118895688,61.8069478899118,1.38627086317487,3.79046184791075,0.889543381983987,15.8541160468251
Maldives,0.0153941466156369,74.3820820556303,96.5436194659271,0.158725024282173,4.72639189000989,0.18950505737955,0.210353142723023,35.0789985604457,0.4480273569557,3.07190390093365,..,3.42797676488924
Mali,..,29.4050554839946,..,..,4.65677599093294,..,..,35.3536358114778,0.425676490526465,..,..,7.68422388050428
Malta,0.135765575604327,122.76554394888,10.0984861315188,5.37807454562032,7.49851245937869,43.2692793209479,82.2837902658905,82.5484335288942,1.21513711929098,0.79359587623627,..,19.3779013687861
Marshall Islands,..,38.9224450443502,..,..,-3.93487109905021,..,..,65.4283189713927,2.37782400304441,..,..,..
Mauritania,0.19832752920628,38.2879909023547,20.1257963529639,0.479637265150761,6.50718719858594,2.3506462344976,3.80698887331639,60.7027274359054,0.151546177135536,38.0527188819004,..,46.1355912905019
Mauritius,0.861806304522595,52.4706712906744,49.273647579684,0.0019451184109659,6.95828740328457,1.01453890078417,47.0973715890337,69.0194146058297,0.23979640140376,2.71357901381266,..,9.88138160347057
Mexico,0.147528724146483,35.9817308051803,8.36341550476052,5.47316616709344,3.19998116598492,17.5686775936758,78.1871366952113,93.8916593500865,0.112474294057446,2.03257600063601,..,15.1678330795689
Micronesia,..,27.3453695652174,..,..,0.784313725490193,..,..,15.1329221639647,0.0700316105602035,..,..,..
Middle East & North Africa,0.181970220078754,46.3499365896413,3.65205804668222,46.5534299093543,1.97724704424243,9.71811630270658,22.004364771519,55.2057181877829,3.14363451410256,3.88208359012491,..,..
Middle East & North Africa (IDA & IBRD countries),..,31.4432937669989,..,..,3.23056945698201,..,..,59.6147952437522,5.05620919336322,..,..,..
Middle East & North Africa (excluding high income),..,31.3195235708439,..,..,3.15107695991034,..,..,59.7567483513159,5.03998438941282,..,..,..
Middle income,1.07940255239071,24.5372984458355,10.1530042172164,9.08928118119388,4.64482706320206,21.029141056221,72.7424566962933,64.2710306702965,3.11927212875869,4.05059488307861,..,21.9282421279283
Moldova,0.390492151267804,35.5383931498865,57.3675444569892,1.63810410209545,0.78324270969388,2.61708440538272,38.4548596477394,73.915868696599,23.3218308915292,1.90626156763818,..,22.6588695262693
Monaco,..,..,..,..,5.04338259195359,..,..,..,..,..,..,..
Mongolia,..,76.2571171270924,..,..,7.4221127615025,..,..,7.56933616415273,0.254541883869172,..,..,42.5612375710889
Montenegro,6.86239495247464,49.9515696947634,13.7181534125979,36.6525202900443,6.33769754243548,7.99520160312392,26.3116266254097,47.3084776109289,51.6195165704975,16.4553023665982,..,26.1269853475252
Morocco,0.62238211150077,42.752081172208,18.9023701743813,1.21428847268287,3.40334130078834,5.43070567261144,74.7475434871082,78.1479509781642,3.01058695286165,4.40788917871175,..,15.7757378706904
Mozambique,0.658822835695573,45.2791164196367,10.7802188334834,57.6135156555006,5.43685912188634,2.74244557815277,7.32803260716293,38.7538979181828,0.76741811107228,23.2868932752681,..,76.9145244292771
Myanmar,2.12008305563185,..,28.4476641504868,24.2241759769846,0.958446625192025,2.94631414241606,43.8067177150438,40.1951108317254,0.817301704310821,1.40135875616036,..,..
Namibia,1.61746096158335,43.4122407828397,24.0210666749709,1.7168400799804,4.159985754998,0.0640756369249413,32.6114133947173,30.9764781414303,0.0467274837607983,24.3476023442822,..,23.2541073059926
Nauru,..,42.6666791692663,..,..,0.590699675931191,..,..,16.6879009637253,0.0703201558907893,..,..,7.38045634167344
Nepal,..,6.95504448280066,..,..,1.95254463264347,..,..,26.8982159844212,0.921855648336959,..,..,25.1666212202393
Netherlands,2.61099776701155,88.5370818069331,14.8679713557953,13.7876726357114,0.0745607216494903,24.1160659895902,62.0212802267157,90.5488844570576,1.750997072265,2.35125031916292,..,15.6294780139872
New Caledonia,..,..,..,..,..,..,..,45.8985685905835,0.000118183584351599,..,..,..
New Zealand,9.76535916563518,24.0744573859555,65.7720680438453,1.36796797411064,0.733302171674978,12.6247261130432,16.0934584459689,55.2320686456192,0.253113858009597,3.26740161271615,..,14.3480100987089
Nicaragua,0.646688809040754,45.7989466199182,43.8173116259905,0.63621248699764,4.56922317096145,0.804653157141111,38.65481703081,71.5845846197353,0.0340826970925292,0.934234123515587,..,5.80578512396694
Niger,0.246150289788406,8.82572044697118,7.45115343571803,18.4030980615375,2.49999999999999,8.96675024256666,6.2115229384799,67.4212063017493,0.245306971739662,43.9810702361495,..,13.171683357325
Nigeria,0.381121967530461,..,3.78331365664372,91.6092141524306,2.86021499108364,3.53042370294988,2.83387953307862,64.1497178328826,1.81315085714399,1.17584162239168,..,48.2383742084804
North America,1.97177891850843,12.6265121094829,10.4066847420094,20.5202390553313,2.7623120819851,20.5760224275586,53.8206112167356,67.5190774981934,0.854480045624942,3.80875731376967,..,10.0818273867606
North Macedonia,0.425628885809381,67.8176527859159,8.95378294649297,4.11524026538845,2.07274977880975,5.22971063617991,82.4096186407235,81.5234422042737,15.1983252732848,3.99367795124718,..,21.0593999744102
Northern Mariana Islands,..,..,..,..,..,..,..,..,..,..,..,..
Norway,0.570825584562413,47.1984784940993,9.74887361237527,68.3302821415659,0.479647246011822,25.6522366018012,13.1296924117438,93.9346836241189,1.10658014551875,5.19245381905052,0.0347074286939863,39.6700843840235
Not classified,..,..,..,..,..,..,..,..,..,..,..,..
OECD members,1.27385005187235,28.806761154983,9.10848178973681,10.0129185890829,1.82098706342816,20.7117069960674,69.267706698372,77.9784248820618,2.54935856993547,4.0040216179664,..,16.9771752488067
Oman,0.021285877804052,..,3.70606297547888,74.1913838927866,1.3104401130721,5.00539346096146,16.0066782609795,53.5587713963976,1.32579092325711,5.94084621917315,..,37.1787926630016
Other small states,2.0594113935397,81.0994895964113,16.4856306287922,15.5925191722007,2.90181856916189,16.3574741906601,39.8499484166243,70.5206840135283,2.75153893861577,24.3187590496537,..,22.5479465633323
Pacific island small states,..,..,..,..,5.40528058535874,..,..,53.2512939489861,0.869320761819114,..,..,..
Pakistan,2.01520902162634,10.4799366025461,21.9335337033458,0.583319121620756,-0.0396925228069165,1.90280938998427,70.9631011890001,67.1899004223443,2.1250123904602,4.50449223225348,..,15.1898534015887
Palau,..,..,..,..,1.87706979817723,..,..,68.5407583806558,0.0185277261664878,..,..,..
Panama,1.29676064581857,46.468393861364,17.3874099458965,0.299834578646736,7.39930155626219,1.00049164015675,3.9767066820266,47.8448372698616,0.0425719896922434,76.4718000052085,..,52.5329434372355
Papua New Guinea,..,..,..,..,3.03570475499642,..,..,69.2515603313915,0.00246038666876556,..,1.59650261464356,2.42519286042934
Paraguay,1.41817940441206,42.5476516669139,70.4360645062827,13.2217695565735,4.71412407945468,9.9737742969511,13.7189511555578,27.3426382913165,0.669750464143951,1.10275711839978,..,25.1621623115816
Peru,0.765411496396335,27.0886151757731,19.9041116521987,6.83058695991324,-0.55018230632048,5.01572012821525,8.18376960747845,48.5255573230806,0.317468707451377,51.3043308679882,..,31.7991432808586
Philippines,1.2011901338258,26.6536917857896,8.41637176627866,1.13912732345338,5.54585117087767,63.977928897569,79.5008108525297,70.9384629996346,0.134052902493252,7.87761742498115,..,6.34107619168106
Poland,0.921340903261567,58.1135991486384,14.4213014401337,3.05116286755385,0.138832754787188,9.89435682053147,78.3071942643745,88.8538218673037,6.87320864102341,3.04634974229626,..,27.6322826948968
Portugal,2.07254793530915,47.3459046957172,13.5128468343503,6.60942084950466,2.52628110806764,6.68041454594646,74.8565519573816,88.4053223037666,1.57698989873672,2.56405821858223,..,19.433316517354
Post-demographic dividend,1.21121426721253,29.3108679633753,8.49324582968043,10.0090087840361,1.85688668399958,23.9397403699443,69.7017690899377,73.780862230957,2.38788172666374,3.68241220313722,..,17.7796229403728
Pre-demographic dividend,..,28.0133434866558,..,..,2.13387325697836,6.87009711255757,..,44.9688573082934,2.0691583586869,..,..,29.5274763399293
Puerto Rico,..,53.9253263083078,..,..,0.563519426800866,..,..,..,..,..,..,..
Qatar,0.0104866693908734,..,0.0798738697571159,86.5414333242433,1.18715991184813,2.78003630297901,9.03968925463337,55.0294376165734,0.502425065074772,2.33291761974842,..,59.0402322311425
Romania,0.825639375176134,39.1522005491869,13.0396643365619,5.30806019443117,2.40427177912809,12.6747408327123,76.2326446492012,83.1460131889427,10.5784541970129,2.47796891956889,..,24.9655868816053
Russian Federation,..,23.0830029980002,..,..,3.60000000000001,..,..,23.5709463025253,26.3382313866269,..,6.61493519926837,37.0346268025331
Rwanda,..,25.4207037684665,..,..,8.24128769450616,..,..,27.2874451050982,1.19786765296279,..,..,21.3008288152097
Samoa,0.0438700598003957,28.7537995890581,40.6760533276859,41.6559873310463,8.58409121817338,5.7420173193689,16.0968165101309,95.0462392299826,..,1.52450671582897,..,6.30326572839116
San Marino,..,..,..,..,..,..,..,76.8534471017882,6.12742982617737,..,..,..
Sao Tome and Principe,0.143120609180463,..,98.21041550523,..,0.372252775001456,29.2734328924522,1.46466513262894,96.7268391986942,0.000630504055548999,0.181792712332166,..,..
Saudi Arabia,0.226769481581452,34.7492004368248,1.57606809115096,0,-0.754914810584665,0.590629141767828,14.6234736899538,53.6874879946882,1.45171834823662,1.5019514801573,..,13.9621915102112
Senegal,1.13668275601735,22.9926823067602,26.5981384645677,21.4769186750925,4.58406140454957,1.60473886534447,26.4233340385585,35.7964715086297,0.411784667480539,7.91160881238856,..,16.0905821636063
Serbia,..,55.0755160883541,..,..,3.84747112784942,..,..,74.1763969759253,18.9375935408395,..,..,18.1438183418513
Seychelles,0.0601705523383751,85.9480892526302,87.6856136879657,0,3.16171435490999,0.0384062538993691,0.544866399067162,95.7770889630468,0.37564392660896,11.6900044741911,..,10.5169944312607
Sierra Leone,..,21.5245154992414,..,..,5.7100218981806,..,..,13.7432113025089,34.3007238364153,..,..,13.0289724840974
Singapore,0.376898620905063,174.300145120981,2.87163688367206,12.3816136808707,1.07503175095101,56.1383758562278,73.9686966330795,49.7851056088753,0.273194641877116,0.809638959840998,..,31.1183057230044
Sint Maarten (Dutch part),..,..,..,..,3.8,..,..,97.7709658873513,0.0311315731544759,..,..,7.40581791365548
Slovak Republic,0.660581533389216,91.9484611018321,4.53081293426911,3.49462484709363,1.37833727209444,9.65058093359051,89.6042274831478,91.2619852192911,4.00818756911922,1.4735513221762,..,30.3416022314105
Slovenia,1.14720764531202,83.2510531969521,3.80287493089948,5.56004798300167,2.11259184318999,8.20345582131026,86.1751640979757,87.8072324409986,8.89668446942665,3.13835009485939,..,27.8099324056612
Small states,2.0734593569698,72.1946556925209,18.0863126063387,15.9495287824947,4.80110345404002,15.7122770976414,37.2742608383177,71.976466002044,2.33606475934247,22.3815703628567,..,21.608702349091
Solomon Islands,..,..,..,..,3.07976981501386,..,..,42.4912896950733,0.0189759364851782,..,..,46.0924158248634
Somalia,..,19.7336576333817,..,..,4.21638432609835,..,..,85.2329582283842,0.242660397485786,..,0.457588284125881,..
South Africa,2.00362282362047,32.7545268670556,11.6716750751014,10.7279305896972,0.698485194788034,4.95551571209936,40.4948203836485,50.1301131666624,0.527720808749315,29.1169283744823,..,12.0207259878825
South Asia,0.993080603568065,20.0125730071836,12.3982350524986,18.5990988718886,6.77854269975873,14.017005867553,64.1713288510984,66.6884753681419,2.34313801464279,3.81531393655161,..,10.6728731327755
South Asia (IDA & IBRD),0.993080603568065,20.0125730071836,12.3982350524986,18.5990988718886,6.77854269975873,14.017005867553,64.1713288510984,66.6884753681419,2.34313801464279,3.81531393655161,..,10.6728731327755
South Sudan,..,..,..,..,..,..,..,47.9724144790106,0.00969374627503713,..,..,4.89926250185875
Spain,0.948147308115668,38.0592582111746,17.2639525802691,6.80944454760639,2.67566349258229,9.56253561613111,65.713220440853,83.8480497306712,2.99376804630288,3.20080590303441,..,10.9530988447342
Sri Lanka,3.20419695764938,20.531991971255,25.7048170080461,3.22549312462179,-2.29801056186895,1.41723845257758,67.2626270720796,74.1322148041332,2.6090635081585,0.599148181330232,0.081913400273435,28.6461291695407
St. Kitts and Nevis,..,..,..,..,2.2849480914594,..,..,90.7086247302809,0.0392269506745833,..,..,3.91433029241192
St. Lucia,..,..,..,..,2.21007265992306,..,..,78.7670151342835,0.438194714227648,..,..,0.963665479109345
St. Martin (French part),..,..,..,..,..,..,..,..,..,..,..,..
St. Vincent and the Grenadines,0.237195350643671,..,72.5053396773012,0.0296524826098655,6.01610914506236,4.93442861881868,26.6210983810941,74.4267919051564,..,0.575679248473049,..,5.14329716687159
Sub-Saharan Africa,2.57453705464208,25.5585220875359,13.8407875221455,37.7471173800758,2.79926945385927,5.13584115149758,21.4654749007218,48.1748291279647,1.51848169292278,16.9272169248132,..,27.1112003283429
Sub-Saharan Africa (IDA & IBRD countries),2.57453705464208,25.5585220875359,13.8407875221455,37.7471173800758,2.79926945385928,5.13584115149758,21.4654749007218,48.1748291279647,1.51848169292278,16.9272169248132,..,27.1112003283429
Sub-Saharan Africa (excluding high income),2.57861331730769,25.4826594076873,13.7210711213454,37.8083152115459,2.79890609439795,5.16131121847735,21.4993911556906,48.1122225431293,1.51998475537859,16.9357074346752,..,27.1391562419009
Sudan,..,1.10810859289855,..,..,-20.1115759693272,..,..,76.3301862916943,2.11147599895108,..,..,..
Suriname,3.46714059406088,..,3.49482571976993,0.0169201822896738,2.53956675446825,3.21274943551639,7.42084350533089,81.3566844584356,0.57250692823346,1.10150303041812,..,17.7092318951194
Sweden,3.65079321244009,55.1715976331361,6.78477872762508,7.47686102725083,-0.310670184725893,17.6225666444459,72.2560942921585,88.6927363859613,1.81442696313078,5.1056533111485,..,12.227774292351
Switzerland,0.11313827715134,75.326865234571,2.56981145451484,1.46216131906984,0.716066868695833,29.3340286978728,68.5530377418521,75.548808636215,4.55979003120192,1.56807129365079,..,12.3808238162237
Syrian Arab Republic,..,..,..,..,..,..,..,37.0448280208837,3.15262109685909,..,..,..
Tajikistan,16.1619096248011,..,5.22655112519882,8.01704211635926,8.29999921651935,..,17.8106748705177,25.8149143163464,45.0735007776459,52.7838225011079,..,42.7604232253935
Tanzania,3.07478653756642,17.1954298762963,33.1465652358269,3.5711825305577,5.06952353203394,5.06811053608461,11.9150629667687,31.3500946358982,0.331520545724783,4.97181072389695,0.287112690034372,38.873450791043
Thailand,3.64809895880756,65.4476962943612,15.0565120386781,3.86700213725135,1.88725725050934,26.0506229435129,72.9714583875857,56.8367192239408,0.658761294958469,2.33563248838574,0.00142093539525546,10.8244692081787
Timor-Leste,0.228148829483447,22.925488032719,10.4763990410188,67.3710544691603,-18.1178133769718,..,21.8607202366528,43.2075061717227,0.014302364365423,0.063626117225633,..,2.01876419651094
Togo,3.10070963571848,23.9052239704764,31.9620441511226,1.94652343603962,6.40792215636242,0.573585599316818,35.951006348736,20.733045027719,0.76305624732519,26.975189515959,0.122097527080492,..
Tonga,..,..,..,..,..,..,..,91.7573043292813,..,..,..,15.7391293810487
Trinidad and Tobago,0.0253843357973308,..,6.7648165391825,30.3830070962141,1.34767518168188,1.96311662299562,59.6782949060728,71.5198760259921,0.86047273369141,2.52153001560823,..,38.0176164794527
Tunisia,0.297207522526696,51.8833824346749,12.8606244712212,6.20798342748048,0.0391565674939329,7.70110744284105,77.6613367703679,84.4733516682318,1.29237773865404,1.42589803126179,..,18.8394205910983
Turkiye,0.701191792654954,31.9158356904098,11.9585305603823,6.36477511937887,5.11116818488702,4.51829098986852,73.2607442129934,68.601014675415,9.26167894757102,4.3728944868115,..,36.7103885939519
Turkmenistan,..,21.6245210908525,..,..,6.30015758549871,..,..,9.51317851054843,25.3450050914714,..,..,..
Turks and Caicos Islands,..,..,..,..,1.19999674543641,..,..,..,..,..,..,..
Tuvalu,..,..,..,..,3.85280919517032,..,..,84.5617583589919,0.121438932940544,..,..,..
Uganda,1.91069565543869,11.6017089255499,39.2731109256684,2.96068890680383,5.33697295511469,1.40810780488794,19.04930108136,45.4882519781347,0.671626040265025,1.45187874568621,0.0870810430626125,10.0189508873913
Ukraine,2.1978986993464,28.5860205802388,60.3289594994246,1.08400725933861,5.32433537426355,6.68812192869261,30.1201141558251,71.0427854382044,12.2749676536119,5.98222472007035,0.0804887883455968,23.7688978106769
United Arab Emirates,0.0362459239654586,108.61087139274,2.89132651275323,68.202872587783,3.61870653547174,9.61865772738817,8.81078840111042,46.7822289498994,3.79016432346428,3.4327739631214,..,..
United Kingdom,0.453417232450306,31.6626771258689,6.54486658290483,8.96373321933615,0.339966158003463,28.8917146113567,60.4960280048913,84.1972151691781,2.73297824478338,4.52329389386415,..,6.88197486880338
United States,1.72824160090593,11.0115112856601,9.54645463140735,18.6774872527635,2.88755600906016,21.8459878355521,56.4597327749381,61.0074287563671,1.01515859878733,2.8511687408118,..,9.83845244384072
Upper middle income,1.01916069198212,23.9863889975358,9.56104705270677,6.71016043035326,4.41329290543347,22.1077406670143,76.0652322763429,64.4682823111552,3.3287264052709,3.82009893065927,..,22.709811839557
Uruguay,14.0853800371243,27.4978001359579,66.1561983859233,0.248858467560678,0.3674751756175,10.7072308737214,19.1483509549232,30.9674135922054,3.60195943188932,0.355278930515298,..,10.3978035672459
Uzbekistan,1.39424682979597,23.6898326654563,8.72874386757163,4.46396721405799,6.29141635081155,2.82239070122292,34.7963622919544,36.9886334472425,36.3653686750196,8.39123120304255,..,38.2645186735232
Vanuatu,..,..,..,..,2.21294177094788,..,..,50.9803940250136,..,..,0.00847101272921915,..
Venezuela,..,..,..,..,..,..,..,64.4938765712264,1.37733956763991,..,..,..
Viet Nam,..,87.1767319860542,..,..,5.0464307361882,..,..,66.9349084596,0.745199812754591,..,..,..
Virgin Islands (U.S.),..,..,..,..,..,..,..,..,..,..,..,..
West Bank and Gaza,0.763068238375391,19.593244856723,21.3953024551424,0.0859853021575194,-5.41093700031979,1.84344953927492,63.3233160547246,90.6990446790279,1.50337500967718,14.4323282782474,..,1.31325302110071
World,1.13445891670977,29.3248534285175,8.77819846154595,11.3654400227305,2.83350870346007,22.7112676758947,68.1242294330275,69.1048771154261,3.18917221730001,4.03372485726226,..,19.8641462966293
Yemen,..,..,..,..,..,..,..,0.121224418018276,24.4937633325021,..,..,..
Zambia,0.575244361988637,40.8461239686718,10.6148860130193,4.09782634161287,5.36794285493059,1.16356588883727,12.8481942820589,50.9635924422655,0.0522238669759313,71.3565858556083,..,6.79517815937749
Zimbabwe,1.24930371914693,21.5794003755333,20.3073386564622,2.83650249873133,5.33673049519527,1.94218828246376,7.54689195250795,36.9768453087051,0.200743652419241,42.9777779829568,..,53.0808771163545
